item,variant,label,family,chain,ambisonic_order,is_reference,source_file,source_root,prepared_file,fs_hz,lag_samples,lag_ms,polarity,gcc_corr,gcc_peak_ratio,window_lags,window_agreement,subsample_residual,residual_lag_samples,alignment_applied,excerpt_s,segment,segment_start_s,crop_samples_each_end,analysed_duration_s,lufs_before,lufs_after,gain_db,true_peak_dbtp_after
DeusExMachina,7OA,7OA ref.,Ambisonics,direct,7,1,DeusExMachina_7OA-MagLS_binaural.wav,revision,DeusExMachina_7OA.wav,48000,0,0.0,1,1.0,3.414,0;0;0;0;0;0;0;0;0;0;0;0;0;0;0,1.0,-0.0,0,1,60.0,0/5,0.61,29276,60.0,-26.082,-17.0,9.082,-2.167
DeusExMachina,5OA,5OA,Ambisonics,direct,5,0,DeusExMachina_5OA-MagLS_binaural.wav,revision,DeusExMachina_5OA.wav,48000,-1,-0.0208,1,0.9959,3.388,-1;-1;-1;-1;-1;-1;-1;-1;-1;-1;-1;-1;-1;-1;-1,1.0,0.0343,0,1,60.0,0/5,0.61,29276,60.0,-26.038,-17.0,9.038,-2.022
DeusExMachina,3OA-IAMF,3OA-IAMF,Ambisonics,direct,3,0,DeusExMachina_IAMF_binaural.wav,revision,DeusExMachina_3OA-IAMF.wav,48000,24,0.5,1,0.8161,2.489,25;24;23;23;26;24;24;24;24;24;25;28;26;25;25,0.933,0.3558,0,1,60.0,0/5,0.61,29276,60.0,-24.955,-17.0,7.955,-1.944
DeusExMachina,2OA-TBE,2OA-TBE,Ambisonics,direct,2,0,DeusExMachina_TBE_binaural.wav,revision,DeusExMachina_2OA-TBE.wav,48000,3568,74.3333,1,0.489,2.146,3573;3577;3927;3611;3574;3655;3608;3529;3608;3565;3569;3571;3574;3568;3566,0.333,-0.454,0,1,60.0,0/5,0.61,29276,60.0,-24.093,-17.0,7.093,-2.512
DeusExMachina,1OA-YT,1OA-YT,Ambisonics,direct,1,0,DeusExMachina_1OA-YT_binaural.wav,revision,DeusExMachina_1OA-YT.wav,48000,103,2.1458,1,0.6926,2.179,103;101;103;102;105;104;103;103;103;103;103;56;103;103;104,0.933,0.2539,0,1,60.0,0/5,0.61,29276,60.0,-24.342,-17.0,7.342,-2.7
DeusExMachina,42pIKO,42pIKO,Ambisonics,42pIKO,NA,0,DeusExMachina_42pIKO-MagLS_binaural.wav,revision,DeusExMachina_42pIKO.wav,48000,0,0.0,1,0.9868,3.409,0;0;0;0;0;0;0;0;0;0;0;0;0;0;0,1.0,0.2605,0,1,60.0,0/5,0.61,29276,60.0,-24.969,-17.0,7.969,-2.059
DeusExMachina,Atmos,Dolby Atmos,Channel/Object,direct,NA,0,DeusExMachina_Atmos-native_binaural.wav,revision,DeusExMachina_Atmos.wav,48000,131,2.7292,1,0.598,2.565,123;124;132;131;131;133;131;132;131;130;129;124;127;131;132,0.733,-0.4916,0,1,60.0,0/5,0.61,29276,60.0,-24.053,-17.0,7.053,-2.49
DeusExMachina,Auro3D,Auro-3D,Channel/Object,direct,NA,0,DeusExMachina_Auro3D-native_binaural.wav,revision,DeusExMachina_Auro3D.wav,48000,131,2.7292,1,0.7201,2.512,129;129;132;131;131;133;131;131;131;131;130;128;130;131;131,1.0,0.1717,0,1,60.0,0/5,0.61,29276,60.0,-25.374,-17.0,8.374,-2.771
DeusExMachina,Sony360RA,Sony 360RA,Channel/Object,direct,NA,0,DeusExMachina_Sony360RA-native_binaural.wav,revision,DeusExMachina_Sony360RA.wav,48000,20,0.4167,1,0.6886,2.459,19;20;21;20;19;22;20;22;19;21;19;19;19;21;21,1.0,0.2891,0,1,60.0,0/5,0.61,29276,60.0,-30.458,-17.008,13.458,-2.466
DeusExMachina,42pIKO-Atmos,42pIKO->Atmos,Channel/Object,42pIKO,NA,0,DeusExMachina_Atmos_binaural.wav,revision,DeusExMachina_42pIKO-Atmos.wav,48000,129,2.6875,1,0.8152,3.385,127;126;129;129;129;130;129;130;129;129;128;126;128;129;129,1.0,-0.1815,0,1,60.0,0/5,0.61,29276,60.0,-23.769,-17.0,6.769,-2.11
DeusExMachina,42pIKO-Auro3D,42pIKO->Auro-3D,Channel/Object,42pIKO,NA,0,DeusExMachina_Auro3D_binaural.wav,revision,DeusExMachina_42pIKO-Auro3D.wav,48000,-24476,-509.9167,1,0.7228,2.616,-24479;-24479;-24475;-24476;-24476;-24475;-24477;-24476;-24476;-24476;-24477;-24479;-24478;-24476;-24476,1.0,-0.2616,0,1,60.0,0/5,0.61,29276,60.0,-22.763,-17.0,5.763,-3.25
DeusExMachina,42pIKO-Sony360RA,42pIKO->Sony 360RA,Channel/Object,42pIKO,NA,0,DeusExMachina_Sony360RA_binaural.wav,revision,DeusExMachina_42pIKO-Sony360RA.wav,48000,17,0.3542,1,0.6847,2.352,19;18;18;17;16;17;17;18;16;18;16;19;18;17;16,1.0,0.2852,0,1,60.0,0/5,0.61,29276,60.0,-27.279,-17.0,10.279,-2.057
BigBand,7OA,7OA ref.,Ambisonics,direct,7,1,BigBand_7OA-MagLS_binaural.wav,revision,BigBand_7OA.wav,48000,0,0.0,1,1.0,3.367,0;0;0;0;0;0;0;0;0;0;0;0;0;0;0,1.0,-0.0,0,1,60.0,0/5,0.61,29277,60.0,-36.885,-17.009,19.885,4.541
BigBand,5OA,5OA,Ambisonics,direct,5,0,BigBand_5OA-MagLS_binaural.wav,revision,BigBand_5OA.wav,48000,0,0.0,1,0.9859,3.185,1;0;1;0;0;0;-1;0;0;0;0;0;0;0;0,1.0,-0.0727,0,1,60.0,0/5,0.61,29277,60.0,-36.875,-17.009,19.875,5.057
BigBand,3OA-IAMF,3OA-IAMF,Ambisonics,direct,3,0,BigBand_IAMF_binaural.wav,revision,BigBand_3OA-IAMF.wav,48000,27,0.5625,1,0.8095,1.408,45;48;28;27;27;26;28;28;45;26;26;26;26;26;26,0.8,-0.4044,0,1,60.0,0/5,0.61,29277,60.0,-35.638,-17.025,18.638,5.613
BigBand,2OA-TBE,2OA-TBE,Ambisonics,direct,2,0,BigBand_TBE_binaural.wav,revision,BigBand_2OA-TBE.wav,48000,3569,74.3542,1,0.8454,2.504,3570;3571;3569;3569;3570;3566;3570;3570;3570;3569;3567;3568;3569;3567;3570,1.0,0.0552,0,1,60.0,0/5,0.61,29277,60.0,-31.113,-17.0,14.113,4.84
BigBand,1OA-YT,1OA-YT,Ambisonics,direct,1,0,BigBand_1OA-YT_binaural.wav,revision,BigBand_1OA-YT.wav,48000,46,0.9583,-1,0.7546,1.517,37;37;54;46;46;45;30;37;41;55;48;42;46;46;46,0.467,-0.2495,0,1,60.0,0/5,0.61,29277,60.0,-34.866,-17.01,17.866,7.364
BigBand,42pIKO,42pIKO,Ambisonics,42pIKO,NA,0,BigBand_42pIKO-MagLS_binaural.wav,revision,BigBand_42pIKO.wav,48000,0,0.0,1,0.9939,3.263,0;0;0;0;0;0;0;0;0;0;1;0;0;0;0,1.0,0.2401,0,1,60.0,0/5,0.61,29277,60.0,-34.981,-17.02,17.981,4.188
BigBand,Atmos,Dolby Atmos,Channel/Object,direct,NA,0,BigBand_Atmos-native_binaural.wav,revision,BigBand_Atmos.wav,48000,130,2.7083,1,0.9104,2.361,133;130;130;130;131;130;131;130;130;130;132;131;130;131;130,1.0,0.2983,0,1,60.0,0/5,0.61,29277,60.0,-32.746,-17.0,15.746,5.037
BigBand,Auro3D,Auro-3D,Channel/Object,direct,NA,0,BigBand_Auro3D-native_binaural.wav,revision,BigBand_Auro3D.wav,48000,131,2.7292,1,0.9267,2.941,132;132;131;131;131;131;132;132;132;131;132;132;131;131;131,1.0,0.3272,0,1,60.0,0/5,0.61,29277,60.0,-33.333,-17.0,16.333,4.988
BigBand,Sony360RA,Sony 360RA,Channel/Object,direct,NA,0,BigBand_Sony360RA-native_binaural.wav,revision,BigBand_Sony360RA.wav,48000,18,0.375,1,0.8649,3.015,14;23;16;18;17;17;19;17;19;17;21;20;17;16;16,0.867,-0.0428,0,1,60.0,0/5,0.61,29277,60.0,-39.463,-17.035,22.463,4.682
BigBand,42pIKO-Atmos,42pIKO->Atmos,Channel/Object,42pIKO,NA,0,BigBand_Atmos_binaural.wav,revision,BigBand_42pIKO-Atmos.wav,48000,130,2.7083,1,0.9117,3.139,133;130;130;130;130;130;130;130;130;130;131;131;130;130;130,1.0,0.1752,0,1,60.0,0/5,0.61,29277,60.0,-31.675,-17.0,14.675,5.112
BigBand,42pIKO-Auro3D,42pIKO->Auro-3D,Channel/Object,42pIKO,NA,0,BigBand_Auro3D_binaural.wav,revision,BigBand_42pIKO-Auro3D.wav,48000,-24477,-509.9375,1,0.8324,3.008,-24476;-24477;-24477;-24477;-24477;-24477;-24476;-24477;-24476;-24478;-24476;-24477;-24477;-24477;-24477,1.0,0.161,0,1,60.0,0/5,0.61,29277,60.0,-35.652,-17.009,18.652,4.364
BigBand,42pIKO-Sony360RA,42pIKO->Sony 360RA,Channel/Object,42pIKO,NA,0,BigBand_Sony360RA_binaural.wav,revision,BigBand_42pIKO-Sony360RA.wav,48000,15,0.3125,1,0.8795,2.93,14;15;14;16;15;15;16;15;17;14;18;17;15;14;15,1.0,0.3175,0,1,60.0,0/5,0.61,29277,60.0,-38.292,-17.009,21.292,4.95
KWARTET,7OA,7OA ref.,Ambisonics,direct,7,1,KWARTET_7OA-MagLS_binaural.wav,revision,KWARTET_7OA.wav,48000,0,0.0,1,1.0,3.108,0;0;0;0;0;0;0;0;0;0;0;0;0;0;0,1.0,-0.0,0,1,60.0,0/5,0.61,29277,60.0,-25.702,-17.0,8.702,-0.32
KWARTET,5OA,5OA,Ambisonics,direct,5,0,KWARTET_5OA-MagLS_binaural.wav,revision,KWARTET_5OA.wav,48000,-1,-0.0208,1,0.9909,3.09,-1;-1;0;-1;-1;-1;-1;-1;-1;-1;-1;-1;0;-1;-1,1.0,0.326,0,1,60.0,0/5,0.61,29277,60.0,-25.694,-17.0,8.694,-1.199
KWARTET,3OA-IAMF,3OA-IAMF,Ambisonics,direct,3,0,KWARTET_IAMF_binaural.wav,revision,KWARTET_3OA-IAMF.wav,48000,27,0.5625,1,0.7769,2.105,39;43;26;36;34;28;26;26;27;26;34;29;28;26;37,0.6,0.471,0,1,60.0,0/5,0.61,29277,60.0,-24.123,-17.0,7.123,-0.724
KWARTET,2OA-TBE,2OA-TBE,Ambisonics,direct,2,0,KWARTET_TBE_binaural.wav,revision,KWARTET_2OA-TBE.wav,48000,3569,74.3542,1,0.8583,2.823,3570;3570;3572;3568;3567;3568;3568;3568;3570;3570;3569;3570;3568;3559;3569,0.933,0.0738,0,1,60.0,0/5,0.61,29277,60.0,-19.865,-17.0,2.865,-0.423
KWARTET,1OA-YT,1OA-YT,Ambisonics,direct,1,0,KWARTET_1OA-YT_binaural.wav,revision,KWARTET_1OA-YT.wav,48000,55,1.1458,-1,0.7347,1.381,50;53;106;50;60;64;49;59;55;58;54;48;56;106;50,0.333,-0.3158,0,1,60.0,0/5,0.61,29277,60.0,-24.855,-17.0,7.855,-2.012
KWARTET,42pIKO,42pIKO,Ambisonics,42pIKO,NA,0,KWARTET_42pIKO-MagLS_binaural.wav,revision,KWARTET_42pIKO.wav,48000,0,0.0,1,0.9946,3.092,0;0;1;0;0;0;0;0;0;0;0;0;0;0;0,1.0,0.2993,0,1,60.0,0/5,0.61,29277,60.0,-24.92,-17.0,7.92,-1.674
KWARTET,Atmos,Dolby Atmos,Channel/Object,direct,NA,0,KWARTET_Atmos-native_binaural.wav,revision,KWARTET_Atmos.wav,48000,131,2.7292,1,0.8871,3.286,130;131;132;129;128;130;130;131;130;131;130;131;131;131;129,1.0,-0.2857,0,1,60.0,0/5,0.61,29277,60.0,-23.934,-17.0,6.934,0.917
KWARTET,Auro3D,Auro-3D,Channel/Object,direct,NA,0,KWARTET_Auro3D-native_binaural.wav,revision,KWARTET_Auro3D.wav,48000,131,2.7292,1,0.941,2.8,132;132;132;132;130;130;130;132;131;131;131;132;132;131;131,1.0,0.3748,0,1,60.0,0/5,0.61,29277,60.0,-21.065,-17.0,4.065,-1.581
KWARTET,Sony360RA,Sony 360RA,Channel/Object,direct,NA,0,KWARTET_Sony360RA-native_binaural.wav,revision,KWARTET_Sony360RA.wav,48000,19,0.3958,1,0.8887,2.865,20;20;19;19;19;17;22;19;19;18;21;20;20;18;21,1.0,0.0513,0,1,60.0,0/5,0.61,29277,60.0,-27.272,-17.0,10.272,-0.174
KWARTET,42pIKO-Atmos,42pIKO->Atmos,Channel/Object,42pIKO,NA,0,KWARTET_Atmos_binaural.wav,revision,KWARTET_42pIKO-Atmos.wav,48000,130,2.7083,1,0.9349,2.765,130;130;131;129;127;128;128;131;130;130;129;130;131;131;129,1.0,0.2278,0,1,60.0,0/5,0.61,29277,60.0,-20.25,-17.0,3.25,0.07
KWARTET,42pIKO-Auro3D,42pIKO->Auro-3D,Channel/Object,42pIKO,NA,0,KWARTET_Auro3D_binaural.wav,revision,KWARTET_42pIKO-Auro3D.wav,48000,-24477,-509.9375,1,0.8625,2.907,-24476;-24476;-24476;-24476;-24479;-24478;-24478;-24477;-24477;-24478;-24477;-24477;-24476;-24477;-24477,1.0,0.0513,0,1,60.0,0/5,0.61,29277,60.0,-23.045,-17.0,6.045,-1.917
KWARTET,42pIKO-Sony360RA,42pIKO->Sony 360RA,Channel/Object,42pIKO,NA,0,KWARTET_Sony360RA_binaural.wav,revision,KWARTET_42pIKO-Sony360RA.wav,48000,17,0.3542,1,0.8927,2.935,18;18;17;18;18;16;16;17;17;16;20;17;18;17;22,0.933,0.1058,0,1,60.0,0/5,0.61,29277,60.0,-26.346,-17.0,9.346,-1.277
