pair_id,item,anchor,variant,label,family,chain,ambisonic_order,is_anchor,SNR_dc,SNR_ac,SNR_dc_fix,SNR_ac_fix,OPM,OPM_fix,binQ,ILDdiff,ITDdiff,IVSdiff,overall_measure,vnsim_0,vnsim_1,LS,LS_mean,lag_samples,lag_ms,polarity,gcc_corr,gcc_peak_ratio,residual_lag_samples,lufs_before,gain_db,true_peak_dbtp_after,analysed_duration_s
DeusExMachina__7OA__7OA,DeusExMachina,7OA,7OA,7OA ref.,Ambisonics,direct,7,1,0,0,0,0,715.4,725.564,100,0,0,0,0.722634,1.0,1.0,1.0,1.0,0,0.0,1,1.0,3.414,0,-23.558,6.558,-2.844,60.0
DeusExMachina__7OA__5OA,DeusExMachina,7OA,5OA,5OA,Ambisonics,direct,5,0,0.706548,1.52439,0.706548,0.601199,61.4042,69.9347,98,186.638,6.68273e-06,0.00143118,0.567327,0.6375465367605186,0.6396620167156776,0.40781430345432923,0.6386042767380982,-1,-0.0208,1,0.9959,3.388,0,-23.543,6.543,-2.672,60.0
DeusExMachina__7OA__3OA-IAMF,DeusExMachina,7OA,3OA-IAMF,3OA-IAMF,Ambisonics,direct,3,0,3.53845,2.61837,3.53845,1.20173,43.3862,46.6834,79,2290.39,8.62144e-05,0.0159223,0.391797,0.20868207898849836,0.21052439632355113,0.04393266870259723,0.20960323765602473,24,0.5,1,0.8161,2.489,0,-22.329,5.329,-3.451,60.0
DeusExMachina__7OA__2OA-TBE,DeusExMachina,7OA,2OA-TBE,2OA-TBE,Ambisonics,direct,2,0,5.03998,5.85542,5.03998,1.14261e-06,33.2552,45.5762,67,3359.68,7.86436e-05,0.0320253,0.381372,0.20810399539650315,0.2084080619520431,0.04337055036506212,0.20825602867427312,3568,74.3333,1,0.489,2.146,0,-21.152,4.152,-2.418,60.0
DeusExMachina__7OA__1OA-YT,DeusExMachina,7OA,1OA-YT,1OA-YT,Ambisonics,direct,1,0,1.60255,3.15798,1.60255,0.723719,47.9513,59.5355,60,2757.54,0.000173079,0.0277482,0.468,0.221398244903516,0.2225774208954313,0.04927825034139966,0.22198783289947366,103,2.1458,1,0.6926,2.179,0,-21.873,4.873,-3.885,60.0
DeusExMachina__7OA__42pIKO,DeusExMachina,7OA,42pIKO,42pIKO,Ambisonics,42pIKO,NA,0,0.950181,1.00452,0.950181,0.83184,63.7504,64.3476,94,632.415,3.87764e-05,0.0056196,0.531166,0.80207553453317,0.7916656005118285,0.6349756097020479,0.7968705675224993,0,0.0,1,0.9868,3.409,0,-22.494,5.494,-2.893,60.0
DeusExMachina__7OA__Atmos,DeusExMachina,7OA,Atmos,Dolby Atmos,Channel/Object,direct,NA,0,1.81036,3.84772,1.81036,0.525422,44.8855,59.4618,60,5002.11,9.46112e-05,0.0239628,0.468,0.21612650824821894,0.2156180574004466,0.04660077786122257,0.21587228282433277,131,2.7292,1,0.598,2.565,0,-21.123,4.123,-3.157,60.0
DeusExMachina__7OA__Auro3D,DeusExMachina,7OA,Auro3D,Auro-3D,Channel/Object,direct,NA,0,1.41862,3.81462,1.41862,0.610868,46.2709,61.9997,61,4452.96,9.62432e-05,0.0288146,0.4758,0.2154562213604299,0.21481403399561402,0.04628302005988593,0.21513512767802195,131,2.7292,1,0.7201,2.512,0,-22.117,5.117,-3.605,60.0
DeusExMachina__7OA__Sony360RA,DeusExMachina,7OA,Sony360RA,Sony 360RA,Channel/Object,direct,NA,0,7.3901,4.26649,7.3901,0.740432,32.0565,36.9416,56,5149.6,0.000110003,0.027826,0.290149,0.23107886439346192,0.24835424938277567,0.05738941791466244,0.2397165568881188,20,0.4167,1,0.6886,2.459,0,-26.932,9.932,-1.519,60.0
DeusExMachina__7OA__42pIKO-Atmos,DeusExMachina,7OA,42pIKO-Atmos,42pIKO->Atmos,Channel/Object,42pIKO,NA,0,1.6992,3.18166,1.6992,0.82831,47.5082,58.0374,72,3071.08,0.000101525,0.0179568,0.486342,0.22059578492955972,0.2202708573735297,0.04859082267942088,0.2204333211515447,129,2.6875,1,0.8152,3.385,0,-21.126,4.126,-2.478,60.0
DeusExMachina__7OA__42pIKO-Auro3D,DeusExMachina,7OA,42pIKO-Auro3D,42pIKO->Auro-3D,Channel/Object,42pIKO,NA,0,7.40621,7.7529,7.40621,2.75509e-13,27.3932,38.6263,43,5516.21,9.52993e-05,0.0583009,0.309517,0.20677438167222506,0.20572072612916642,0.04253777594251954,0.20624755390069574,-24476,-509.9167,1,0.7228,2.616,0,-19.594,2.594,-3.114,60.0
DeusExMachina__7OA__42pIKO-Sony360RA,DeusExMachina,7OA,42pIKO-Sony360RA,42pIKO->Sony 360RA,Channel/Object,42pIKO,NA,0,9.79771,3.70682,9.79771,0.746905,29.4446,32.2474,64,3852.44,8.91437e-05,0.0312593,0.231128,0.2343389751116699,0.23788741117376236,0.055746292126427885,0.23611319314271612,17,0.3542,1,0.6847,2.352,0,-23.621,6.621,-2.078,60.0
BigBand__7OA__7OA,BigBand,7OA,7OA,7OA ref.,Ambisonics,direct,7,1,0,0,0,0,715.4,725.564,100,0,0,0,0.722634,1.0,1.0,1.0,1.0,0,0.0,1,1.0,3.367,0,-32.979,15.979,1.74,60.0
BigBand__7OA__5OA,BigBand,7OA,5OA,5OA,Ambisonics,direct,5,0,0.670004,1.14673,0.670004,0.591064,65.0496,70.591,98,182.742,3.61223e-06,0.0013654,0.571383,0.6324268845454759,0.6333000207585332,0.4005159591109044,0.6328634526520045,0,0.0,1,0.9859,3.185,0,-32.954,15.954,1.292,60.0
BigBand__7OA__3OA-IAMF,BigBand,7OA,3OA-IAMF,3OA-IAMF,Ambisonics,direct,3,0,1.4522,1.93536,1.4522,1.04532,53.9906,58.253,86,1648.28,3.34972e-05,0.0124586,0.487952,0.22948924158346806,0.22919373473614083,0.052597496360279515,0.22934148815980443,27,0.5625,1,0.8095,1.408,0,-31.565,14.565,2.748,60.0
BigBand__7OA__2OA-TBE,BigBand,7OA,2OA-TBE,2OA-TBE,Ambisonics,direct,2,0,2.81525,9.31274,2.81525,6.77194e-09,31.3528,56.0908,56,2656.05,4.46432e-05,0.0676156,0.4368,0.2181364218153705,0.2168114534206822,0.04729447465777748,0.21747393761802636,3569,74.3542,1,0.8454,2.504,0,-27.283,10.283,1.924,60.0
BigBand__7OA__1OA-YT,BigBand,7OA,1OA-YT,1OA-YT,Ambisonics,direct,1,0,1.55253,2.72467,1.55253,0.948474,49.8516,58.2278,80,2151.2,4.31958e-05,0.0198161,0.487764,0.23685220264665452,0.2340925272036296,0.055445330691301566,0.23547236492514206,46,0.9583,-1,0.7546,1.517,0,-31.168,14.168,2.289,60.0
BigBand__7OA__42pIKO,BigBand,7OA,42pIKO,42pIKO,Ambisonics,42pIKO,NA,0,1.91746,0.944862,1.91746,0.869989,56.9809,56.27,94,513.688,1.34542e-05,0.006579,0.472911,0.7799604738748688,0.7445169093170007,0.5806937613987405,0.7622386915959347,0,0.0,1,0.9939,3.263,0,-31.413,14.413,0.989,60.0
BigBand__7OA__Atmos,BigBand,7OA,Atmos,Dolby Atmos,Channel/Object,direct,NA,0,1.02733,3.24569,1.02733,0.97166,49.8689,62.2731,68,4329.86,5.95939e-05,0.0206831,0.516934,0.23112256529750622,0.22752795658915662,0.05258684500378551,0.22932526094333142,130,2.7083,1,0.9104,2.361,0,-28.96,11.96,1.177,60.0
BigBand__7OA__Auro3D,BigBand,7OA,Auro3D,Auro-3D,Channel/Object,direct,NA,0,0.845909,3.24367,0.845909,1.06135,50.6478,63.1213,37,5546.89,7.14751e-05,0.0773164,0.2886,0.23261237347962568,0.22845444824395147,0.053141331438003855,0.23053341086178858,131,2.7292,1,0.9267,2.941,0,-29.498,12.498,1.649,60.0
BigBand__7OA__Sony360RA,BigBand,7OA,Sony360RA,Sony 360RA,Channel/Object,direct,NA,0,1.97881,3.22981,1.97881,1.23178,46.3547,53.7182,36,6644.49,9.28882e-05,0.0596839,0.2808,0.2495484670399959,0.26277326822065933,0.06557466626355521,0.25616086763032764,18,0.375,1,0.8649,3.015,0,-35.269,18.269,2.708,60.0
BigBand__7OA__42pIKO-Atmos,BigBand,7OA,42pIKO-Atmos,42pIKO->Atmos,Channel/Object,42pIKO,NA,0,2.09853,2.85124,2.09853,1.08328,47.2594,53.8808,76,2947.76,4.67663e-05,0.0206535,0.454068,0.23379983762826723,0.23197856546554296,0.054236550939082306,0.2328892015469051,130,2.7083,1,0.9117,3.139,0,-27.865,10.865,2.727,60.0
BigBand__7OA__42pIKO-Auro3D,BigBand,7OA,42pIKO-Auro3D,42pIKO->Auro-3D,Channel/Object,42pIKO,NA,0,4.47276,9.27772,4.47276,9.94865e-11,29.1243,47.7319,36,5559.78,8.55069e-05,0.0773262,0.2808,0.2143227779389371,0.214710319737447,0.046017312178287036,0.21451654883819204,-24477,-509.9375,1,0.8324,3.008,0,-31.629,14.629,2.772,60.0
BigBand__7OA__42pIKO-Sony360RA,BigBand,7OA,42pIKO-Sony360RA,42pIKO->Sony 360RA,Channel/Object,42pIKO,NA,0,1.99726,2.32499,1.99726,1.29067,49.6656,53.2884,73,2496.72,5.40282e-05,0.0320282,0.449267,0.24857608491139493,0.25657275903253174,0.06377785193522148,0.25257442197196334,15,0.3125,1,0.8795,2.93,0,-34.098,17.098,3.057,60.0
KWARTET__7OA__7OA,KWARTET,7OA,7OA,7OA ref.,Ambisonics,direct,7,1,0,0,0,0,715.4,725.564,100,0,0,0,0.722634,1.0,1.0,1.0,1.0,0,0.0,1,1.0,3.108,0,-24.394,7.394,-0.963,60.0
KWARTET__7OA__5OA,KWARTET,7OA,5OA,5OA,Ambisonics,direct,5,0,0.944453,1.41112,0.944453,0.800703,60.4394,64.725,97,367.28,6.21324e-06,0.00178121,0.533706,0.644720554570277,0.636402449389581,0.4103017401003333,0.640561501979929,-1,-0.0208,1,0.9909,3.09,0,-24.379,7.379,-1.151,60.0
KWARTET__7OA__3OA-IAMF,KWARTET,7OA,3OA-IAMF,3OA-IAMF,Ambisonics,direct,3,0,1.80222,2.18842,1.80222,1.3683,51.0825,53.945,80,2494.69,5.58997e-05,0.0165588,0.454585,0.22963326053918823,0.22087404794857368,0.05072002779891997,0.22525365424388094,27,0.5625,1,0.7769,2.105,0,-22.74,5.74,-0.271,60.0
KWARTET__7OA__2OA-TBE,KWARTET,7OA,2OA-TBE,2OA-TBE,Ambisonics,direct,2,0,1.89494,9.49981,1.89494,2.29376e-07,32.4598,63.2383,57,3453.84,6.79451e-05,0.0537387,0.4446,0.21880309779033333,0.21901890725066916,0.04792201538110011,0.21891100252050125,3569,74.3542,1,0.8583,2.823,0,-18.553,1.553,-0.611,60.0
KWARTET__7OA__1OA-YT,KWARTET,7OA,1OA-YT,1OA-YT,Ambisonics,direct,1,0,1.26376,2.94219,1.26376,0.985612,50.1497,60.1424,76,2778.05,4.88157e-05,0.0218983,0.501815,0.23238705444145308,0.23349556390908366,0.05426134632197801,0.23294130917526837,55,1.1458,-1,0.7347,1.381,0,-23.183,6.183,0.219,60.0
KWARTET__7OA__42pIKO,KWARTET,7OA,42pIKO,42pIKO,Ambisonics,42pIKO,NA,0,1.53851,0.990298,1.53851,0.879615,59.1798,58.8362,92,791.539,2.0589e-05,0.0094462,0.492279,0.7678647896651657,0.7983849797959228,0.6130517145828238,0.7831248847305443,0,0.0,1,0.9946,3.092,0,-23.5,6.5,-0.266,60.0
KWARTET__7OA__Atmos,KWARTET,7OA,Atmos,Dolby Atmos,Channel/Object,direct,NA,0,1.36576,3.50672,1.36576,1.01871,47.5388,59.0893,56,5110.12,0.000110026,0.0276187,0.4368,0.23098180536084822,0.22823840836133638,0.05271891961598799,0.2296101068610923,131,2.7292,1,0.8871,3.286,0,-21.995,4.995,0.267,60.0
KWARTET__7OA__Auro3D,KWARTET,7OA,Auro3D,Auro-3D,Channel/Object,direct,NA,0,1.10769,3.27418,1.10769,1.06042,49.4225,60.8068,30,6050.25,0.000123364,0.0839306,0.234,0.22426244119669494,0.22773126329067508,0.051071569042374074,0.22599685224368501,131,2.7292,1,0.941,2.8,0,-19.973,2.973,-0.487,60.0
KWARTET__7OA__Sony360RA,KWARTET,7OA,Sony360RA,Sony 360RA,Channel/Object,direct,NA,0,3.34611,4.32042,3.34611,1.1917,39.4937,47.4712,34,6390.58,0.00012771,0.0634132,0.2652,0.25104113497194686,0.25693294788042254,0.06450073884758933,0.25398704142618467,19,0.3958,1,0.8887,2.865,0,-26.158,9.158,0.145,60.0
KWARTET__7OA__42pIKO-Atmos,KWARTET,7OA,42pIKO-Atmos,42pIKO->Atmos,Channel/Object,42pIKO,NA,0,1.66887,3.02348,1.66887,1.07249,48.2074,56.571,65,4656,6.55715e-05,0.021968,0.475228,0.23561852864417615,0.2358790707172011,0.0555774795803425,0.23574879968068863,130,2.7083,1,0.9349,2.765,0,-18.893,1.893,-0.069,60.0
KWARTET__7OA__42pIKO-Auro3D,KWARTET,7OA,42pIKO-Auro3D,42pIKO->Auro-3D,Channel/Object,42pIKO,NA,0,8.66272,13.0098,8.66272,4.23501e-14,21.0488,35.7968,24,7496.97,0.000132735,0.0754982,0.1872,0.21369847540523637,0.21280011398523324,0.04547505992470486,0.2132492946952348,-24477,-509.9375,1,0.8625,2.907,0,-21.707,4.707,-2.348,60.0
KWARTET__7OA__42pIKO-Sony360RA,KWARTET,7OA,42pIKO-Sony360RA,42pIKO->Sony 360RA,Channel/Object,42pIKO,NA,0,2.79134,2.79186,2.79134,1.53565,45.122,48.3302,61,3554.36,8.36612e-05,0.0427152,0.406852,0.24897841947518293,0.2537105063494478,0.06316844087513387,0.2513444629123154,17,0.3542,1,0.8927,2.935,0,-24.932,7.932,-1.328,60.0
